Time,ServiceID,PredictedCarbon,Action
5,S1,359.4783330060394,EXECUTE
5,S2,359.4783330060394,DEFER
10,S1,397.8529038137183,EXECUTE
10,S2,397.8529038137183,EXECUTE_SLA
15,S1,405.1700738312769,EXECUTE
15,S2,405.1700738312769,DEFER
20,S1,313.9320679930693,EXECUTE
20,S2,313.9320679930693,EXECUTE_SLA
25,S1,224.42205766847738,EXECUTE
25,S2,224.42205766847738,EXECUTE
30,S1,203.18141089078688,EXECUTE
30,S2,203.18141089078688,EXECUTE
