Time,ServiceID,PredictedCarbon,Action
5,S1,359.4783330060394,EXECUTE
5,S2,372.30539919281625,DEFER
10,S1,403.49766052479924,EXECUTE
10,S2,393.6364491007223,EXECUTE_SLA
15,S1,395.4074047213103,EXECUTE
15,S2,389.0228653864022,DEFER
20,S1,314.6914243071469,EXECUTE
20,S2,296.99656023602995,EXECUTE_SLA
25,S1,221.82654794178518,EXECUTE
25,S2,221.50264155347006,EXECUTE
